{
  "ABIRoot": {
    "kind": "Root",
    "name": "Chorus_BLE_SDK",
    "printedName": "Chorus_BLE_SDK",
    "children": [
      {
        "kind": "Import",
        "name": "Foundation",
        "printedName": "Foundation",
        "declKind": "Import",
        "moduleName": "Chorus_BLE_SDK"
      },
      {
        "kind": "Import",
        "name": "CoreBluetooth",
        "printedName": "CoreBluetooth",
        "declKind": "Import",
        "moduleName": "Chorus_BLE_SDK"
      },
      {
        "kind": "Import",
        "name": "CoreLocation",
        "printedName": "CoreLocation",
        "declKind": "Import",
        "moduleName": "Chorus_BLE_SDK"
      },
      {
        "kind": "TypeDecl",
        "name": "ChorusBeacon",
        "printedName": "ChorusBeacon",
        "children": [
          {
            "kind": "Var",
            "name": "shared",
            "printedName": "shared",
            "children": [
              {
                "kind": "TypeNominal",
                "name": "ChorusBeacon",
                "printedName": "Chorus_BLE_SDK.ChorusBeacon",
                "usr": "c:@M@Chorus_BLE_SDK@objc(cs)ChorusBeacon"
              }
            ],
            "declKind": "Var",
            "usr": "s:14Chorus_BLE_SDK0A6BeaconC6sharedACvpZ",
            "mangledName": "$s14Chorus_BLE_SDK0A6BeaconC6sharedACvpZ",
            "moduleName": "Chorus_BLE_SDK",
            "static": true,
            "declAttributes": [
              "HasInitialValue",
              "Final",
              "HasStorage",
              "AccessControl"
            ],
            "isLet": true,
            "hasStorage": true,
            "accessors": [
              {
                "kind": "Accessor",
                "name": "Get",
                "printedName": "Get()",
                "children": [
                  {
                    "kind": "TypeNominal",
                    "name": "ChorusBeacon",
                    "printedName": "Chorus_BLE_SDK.ChorusBeacon",
                    "usr": "c:@M@Chorus_BLE_SDK@objc(cs)ChorusBeacon"
                  }
                ],
                "declKind": "Accessor",
                "usr": "s:14Chorus_BLE_SDK0A6BeaconC6sharedACvgZ",
                "mangledName": "$s14Chorus_BLE_SDK0A6BeaconC6sharedACvgZ",
                "moduleName": "Chorus_BLE_SDK",
                "static": true,
                "implicit": true,
                "declAttributes": [
                  "Final"
                ],
                "accessorKind": "get"
              }
            ]
          },
          {
            "kind": "Function",
            "name": "setOrgId",
            "printedName": "setOrgId(_:)",
            "children": [
              {
                "kind": "TypeNominal",
                "name": "Void",
                "printedName": "()"
              },
              {
                "kind": "TypeNominal",
                "name": "String",
                "printedName": "Swift.String",
                "usr": "s:SS"
              }
            ],
            "declKind": "Func",
            "usr": "s:14Chorus_BLE_SDK0A6BeaconC8setOrgIdyySSF",
            "mangledName": "$s14Chorus_BLE_SDK0A6BeaconC8setOrgIdyySSF",
            "moduleName": "Chorus_BLE_SDK",
            "declAttributes": [
              "AccessControl",
              "RawDocComment"
            ],
            "funcSelfKind": "NonMutating"
          },
          {
            "kind": "Function",
            "name": "startBackgroundScanning",
            "printedName": "startBackgroundScanning()",
            "children": [
              {
                "kind": "TypeNominal",
                "name": "Void",
                "printedName": "()"
              }
            ],
            "declKind": "Func",
            "usr": "s:14Chorus_BLE_SDK0A6BeaconC23startBackgroundScanningyyF",
            "mangledName": "$s14Chorus_BLE_SDK0A6BeaconC23startBackgroundScanningyyF",
            "moduleName": "Chorus_BLE_SDK",
            "declAttributes": [
              "AccessControl",
              "RawDocComment"
            ],
            "funcSelfKind": "NonMutating"
          },
          {
            "kind": "Function",
            "name": "disableBackgroundScanning",
            "printedName": "disableBackgroundScanning()",
            "children": [
              {
                "kind": "TypeNominal",
                "name": "Void",
                "printedName": "()"
              }
            ],
            "declKind": "Func",
            "usr": "s:14Chorus_BLE_SDK0A6BeaconC25disableBackgroundScanningyyF",
            "mangledName": "$s14Chorus_BLE_SDK0A6BeaconC25disableBackgroundScanningyyF",
            "moduleName": "Chorus_BLE_SDK",
            "declAttributes": [
              "AccessControl",
              "RawDocComment"
            ],
            "funcSelfKind": "NonMutating"
          },
          {
            "kind": "Function",
            "name": "centralManagerDidUpdateState",
            "printedName": "centralManagerDidUpdateState(_:)",
            "children": [
              {
                "kind": "TypeNominal",
                "name": "Void",
                "printedName": "()"
              },
              {
                "kind": "TypeNominal",
                "name": "CBCentralManager",
                "printedName": "CoreBluetooth.CBCentralManager",
                "usr": "c:objc(cs)CBCentralManager"
              }
            ],
            "declKind": "Func",
            "usr": "c:@M@Chorus_BLE_SDK@objc(cs)ChorusBeacon(im)centralManagerDidUpdateState:",
            "mangledName": "$s14Chorus_BLE_SDK0A6BeaconC28centralManagerDidUpdateStateyySo09CBCentralF0CF",
            "moduleName": "Chorus_BLE_SDK",
            "objc_name": "centralManagerDidUpdateState:",
            "declAttributes": [
              "ObjC",
              "AccessControl",
              "RawDocComment"
            ],
            "funcSelfKind": "NonMutating"
          },
          {
            "kind": "Function",
            "name": "centralManager",
            "printedName": "centralManager(_:didDiscover:advertisementData:rssi:)",
            "children": [
              {
                "kind": "TypeNominal",
                "name": "Void",
                "printedName": "()"
              },
              {
                "kind": "TypeNominal",
                "name": "CBCentralManager",
                "printedName": "CoreBluetooth.CBCentralManager",
                "usr": "c:objc(cs)CBCentralManager"
              },
              {
                "kind": "TypeNominal",
                "name": "CBPeripheral",
                "printedName": "CoreBluetooth.CBPeripheral",
                "usr": "c:objc(cs)CBPeripheral"
              },
              {
                "kind": "TypeNominal",
                "name": "Dictionary",
                "printedName": "[Swift.String : Any]",
                "children": [
                  {
                    "kind": "TypeNominal",
                    "name": "String",
                    "printedName": "Swift.String",
                    "usr": "s:SS"
                  },
                  {
                    "kind": "TypeNominal",
                    "name": "ProtocolComposition",
                    "printedName": "Any"
                  }
                ],
                "usr": "s:SD"
              },
              {
                "kind": "TypeNominal",
                "name": "NSNumber",
                "printedName": "Foundation.NSNumber",
                "usr": "c:objc(cs)NSNumber"
              }
            ],
            "declKind": "Func",
            "usr": "c:@M@Chorus_BLE_SDK@objc(cs)ChorusBeacon(im)centralManager:didDiscoverPeripheral:advertisementData:RSSI:",
            "mangledName": "$s14Chorus_BLE_SDK0A6BeaconC14centralManager_11didDiscover17advertisementData4rssiySo09CBCentralF0C_So12CBPeripheralCSDySSypGSo8NSNumberCtF",
            "moduleName": "Chorus_BLE_SDK",
            "objc_name": "centralManager:didDiscoverPeripheral:advertisementData:RSSI:",
            "declAttributes": [
              "ObjC",
              "AccessControl"
            ],
            "funcSelfKind": "NonMutating"
          }
        ],
        "declKind": "Class",
        "usr": "c:@M@Chorus_BLE_SDK@objc(cs)ChorusBeacon",
        "mangledName": "$s14Chorus_BLE_SDK0A6BeaconC",
        "moduleName": "Chorus_BLE_SDK",
        "declAttributes": [
          "AccessControl",
          "ObjC"
        ],
        "superclassUsr": "c:objc(cs)NSObject",
        "hasMissingDesignatedInitializers": true,
        "inheritsConvenienceInitializers": true,
        "superclassNames": [
          "ObjectiveC.NSObject"
        ],
        "conformances": [
          {
            "kind": "Conformance",
            "name": "Copyable",
            "printedName": "Copyable",
            "usr": "s:s8CopyableP",
            "mangledName": "$ss8CopyableP"
          },
          {
            "kind": "Conformance",
            "name": "Escapable",
            "printedName": "Escapable",
            "usr": "s:s9EscapableP",
            "mangledName": "$ss9EscapableP"
          },
          {
            "kind": "Conformance",
            "name": "Equatable",
            "printedName": "Equatable",
            "usr": "s:SQ",
            "mangledName": "$sSQ"
          },
          {
            "kind": "Conformance",
            "name": "Hashable",
            "printedName": "Hashable",
            "usr": "s:SH",
            "mangledName": "$sSH"
          },
          {
            "kind": "Conformance",
            "name": "CVarArg",
            "printedName": "CVarArg",
            "usr": "s:s7CVarArgP",
            "mangledName": "$ss7CVarArgP"
          },
          {
            "kind": "Conformance",
            "name": "_KeyValueCodingAndObservingPublishing",
            "printedName": "_KeyValueCodingAndObservingPublishing",
            "usr": "s:10Foundation37_KeyValueCodingAndObservingPublishingP",
            "mangledName": "$s10Foundation37_KeyValueCodingAndObservingPublishingP"
          },
          {
            "kind": "Conformance",
            "name": "_KeyValueCodingAndObserving",
            "printedName": "_KeyValueCodingAndObserving",
            "usr": "s:10Foundation27_KeyValueCodingAndObservingP",
            "mangledName": "$s10Foundation27_KeyValueCodingAndObservingP"
          },
          {
            "kind": "Conformance",
            "name": "CustomStringConvertible",
            "printedName": "CustomStringConvertible",
            "usr": "s:s23CustomStringConvertibleP",
            "mangledName": "$ss23CustomStringConvertibleP"
          },
          {
            "kind": "Conformance",
            "name": "CustomDebugStringConvertible",
            "printedName": "CustomDebugStringConvertible",
            "usr": "s:s28CustomDebugStringConvertibleP",
            "mangledName": "$ss28CustomDebugStringConvertibleP"
          }
        ]
      },
      {
        "kind": "Import",
        "name": "Foundation",
        "printedName": "Foundation",
        "declKind": "Import",
        "moduleName": "Chorus_BLE_SDK"
      }
    ],
    "json_format_version": 8
  },
  "ConstValues": [
    {
      "filePath": "\/Users\/shashankgupta\/Documents\/Chorus_BLE_SDK\/Chorus_BLE_SDK\/ChorusBeacon.swift",
      "kind": "BooleanLiteral",
      "offset": 513,
      "length": 5,
      "value": "false"
    },
    {
      "filePath": "\/Users\/shashankgupta\/Documents\/Chorus_BLE_SDK\/Chorus_BLE_SDK\/ChorusBeacon.swift",
      "kind": "IntegerLiteral",
      "offset": 595,
      "length": 3,
      "value": "600"
    },
    {
      "filePath": "\/Users\/shashankgupta\/Documents\/Chorus_BLE_SDK\/Chorus_BLE_SDK\/ChorusBeacon.swift",
      "kind": "IntegerLiteral",
      "offset": 674,
      "length": 2,
      "value": "30"
    },
    {
      "filePath": "\/Users\/shashankgupta\/Documents\/Chorus_BLE_SDK\/Chorus_BLE_SDK\/ChorusBeacon.swift",
      "kind": "Array",
      "offset": 823,
      "length": 2,
      "value": "[]"
    },
    {
      "filePath": "\/Users\/shashankgupta\/Documents\/Chorus_BLE_SDK\/Chorus_BLE_SDK\/Environment.swift",
      "kind": "Dictionary",
      "offset": 238,
      "length": 3,
      "value": "[]"
    },
    {
      "filePath": "\/Users\/shashankgupta\/Documents\/Chorus_BLE_SDK\/Chorus_BLE_SDK\/Environment.swift",
      "kind": "StringLiteral",
      "offset": 501,
      "length": 6,
      "value": "\".env\""
    }
  ]
}